{
    "chrome": {
        "net_load": {
            "up": [
                [
                    5,
                    1.25723
                ],
                [
                    6,
                    2.2002
                ],
                [
                    7,
                    4.84043
                ],
                [
                    8,
                    4.01992
                ],
                [
                    9,
                    4.13223
                ],
                [
                    10,
                    3.76445
                ],
                [
                    11,
                    3.76445
                ],
                [
                    12,
                    1.16406
                ],
                [
                    13,
                    6.66816
                ],
                [
                    14,
                    13.0477
                ],
                [
                    15,
                    16.484
                ],
                [
                    16,
                    16.484
                ],
                [
                    17,
                    16.1293
                ],
                [
                    18,
                    16.8623
                ],
                [
                    19,
                    16.4684
                ],
                [
                    20,
                    16.4684
                ],
                [
                    21,
                    11.8227
                ]
            ],
            "down": [
                [
                    5,
                    12.3432
                ],
                [
                    6,
                    13.7641
                ],
                [
                    7,
                    31.7352
                ],
                [
                    8,
                    19.7119
                ],
                [
                    9,
                    21.649
                ],
                [
                    10,
                    45.2797
                ],
                [
                    11,
                    45.2797
                ],
                [
                    12,
                    39.4242
                ],
                [
                    13,
                    111.575
                ],
                [
                    14,
                    229.054
                ],
                [
                    15,
                    271.833
                ],
                [
                    16,
                    271.833
                ],
                [
                    17,
                    243.167
                ],
                [
                    18,
                    141.6
                ],
                [
                    19,
                    121.367
                ],
                [
                    20,
                    121.367
                ],
                [
                    21,
                    57.7777
                ]
            ]
        },
        "memory_info": [
            [
                1,
                2734.460928
            ],
            [
                2,
                2753.4786559999993
            ],
            [
                3,
                2838.8147199999994
            ],
            [
                4,
                2962.497536
            ],
            [
                5,
                3087.2453119999996
            ],
            [
                6,
                3153.9404799999998
            ],
            [
                7,
                3196.1989120000003
            ],
            [
                8,
                3333.0749440000004
            ],
            [
                9,
                3433.8119680000004
            ],
            [
                10,
                3396.4769279999996
            ],
            [
                11,
                3607.42912
            ],
            [
                12,
                3588.4687360000003
            ],
            [
                13,
                3540.41856
            ],
            [
                14,
                3539.697664
            ],
            [
                15,
                3526.0866559999995
            ],
            [
                16,
                3526.1194239999995
            ],
            [
                17,
                3489.2349440000003
            ],
            [
                18,
                3484.6269439999996
            ],
            [
                19,
                0
            ],
            [
                20,
                3422.732288
            ],
            [
                21,
                3412.09088
            ]
        ]
    }
}