{
    "chrome": {
        "net_load": {
            "down": [
                [
                    4,
                    8.65293
                ],
                [
                    5,
                    12.8576
                ],
                [
                    6,
                    17.0752
                ],
                [
                    7,
                    17.2668
                ],
                [
                    8,
                    21.075
                ],
                [
                    9,
                    21.1789
                ],
                [
                    10,
                    21.1924
                ]
            ],
            "up": [
                [
                    4,
                    0.219141
                ],
                [
                    5,
                    0.322266
                ],
                [
                    6,
                    0.438281
                ],
                [
                    7,
                    0.451172
                ],
                [
                    8,
                    0.567187
                ],
                [
                    9,
                    0.761328
                ],
                [
                    10,
                    0.862695
                ]
            ]
        },
        "memory_info": [
            [
                1,
                2635.6408319999996
            ],
            [
                2,
                2620.694528
            ],
            [
                3,
                2620.928
            ],
            [
                4,
                2620.5102079999997
            ],
            [
                5,
                2627.09248
            ],
            [
                6,
                2622.7466239999994
            ],
            [
                7,
                2622.2182399999997
            ],
            [
                8,
                2620.0391679999993
            ],
            [
                9,
                2622.9104639999996
            ],
            [
                10,
                2623.2668159999994
            ]
        ]
    }
}